{"Jessica Lange": 0.2129957725384716, "Marlee Matlin": 0.20127840730500715, "John Schlesinger": 0.20071264003183947, "Alan Arkin": 0.2163619565184249, "Bette Davis": 0.18590933078021774, "Mary Steenburgen": 0.2134005960041239, "Anthony Quinn": 0.2108056945381479, "Barbra Streisand": 0.19893916758415062, "Susan Sarandon": 0.21808029948536667, "William Hurt": 0.22608790567048676, "Brenda Fricker": 0.20999811510749938, "Jack Palance": 0.20286145785906853, "Martin Landau": 0.21570549593049182, "Daniel Day-Lewis": 0.20277479386602634, "Norma Shearer": 0.17536547472851163, "Jane Fonda": 0.1991401649059084, "Frances McDormand": 0.21575294821241967, "Holly Hunter": 0.2114905802773528, "Jessica Tandy": 0.19691555495853322, "Christopher Walken": 0.2231266128478612, "Alec Guinness": 0.1941754661277796, "Sandra Bullock": 0.214654913821186, "Katharine Hepburn": 0.19197963373859117, "Martin Balsam": 0.1855603423604881, "Jason Robards": 0.20833817310621586, "Rita Moreno": 0.19693270485215564, "Billy Wilder": 0.1901550724591626, "Estelle Parsons": 0.18626176532890595, "Lee Marvin": 0.1904847941329677, "Oliver Stone": 0.21245377027248263, "Emil Jannings": 0.14805973546349074, "Sissy Spacek": 0.2104049367223241, "Delbert Mann": 0.1843223140252429, "Louise Fletcher": 0.2102744955098678, "Red Buttons": 0.19057331465610297, "Warren Beatty": 0.20584365091893997, "George Chakiris": 0.1665445401688367, "Kevin Costner": 0.21377944778665073, "Roberto Benigni": 0.20140016514447154, "Vincente Minnelli": 0.1727752730538028, "Patty Duke": 0.20178432939012625, "Anthony Hopkins": 0.22129355714430243, "James Cameron": 0.20604215964633082, "Robert Redford": 0.21012984079132427, "Lila Kedrova": 0.17777033310895077, "Elizabeth Taylor": 0.18077683546472545, "Victor Fleming": 0.15054770408333681, "Mike Nichols": 0.20258404056709955, "Kathryn Bigelow": 0.20589597630695453, "John Huston": 0.1592648322125881, "Helen Mirren": 0.21675227122617524, "James Cagney": 0.18442608782546055, "Jeremy Irons": 0.22094908393002904, "John Mills": 0.19284352799158788, "Ron Howard": 0.21215006990750174, "Mercedes Ruehl": 0.20896712176356466, "Christoph Waltz": 0.20767325556158706, "John G. Avildsen": 0.19732534769854126, "Yul Brynner": 0.17949765348576102, "Shelley Winters": 0.2022166685266825, "Anne Bancroft": 0.21050668439471806, "Ang Lee": 0.2069157478171706, "Burt Lancaster": 0.1828099790892889, "William Friedkin": 0.20868667500382132, "Rod Steiger": 0.21854664458565606, "Jodie Foster": 0.2135649176235089, "Tilda Swinton": 0.21928608966925836, "Shirley MacLaine": 0.21261774710762846, "Eileen Heckart": 0.1822510936350893, "Grace Kelly": 0.17683712053795153, "William Wyler": 0.18533495063118346, "Anna Paquin": 0.21170701756343022, "Morgan Freeman": 0.22257357628427513, "Joel Grey": 0.20736324889317348, "Marion Cotillard": 0.2080336224974267, "Geoffrey Rush": 0.21395897421079796, "Timothy Hutton": 0.2151664096529648, "Kevin Spacey": 0.21816212427254636, "Goldie Hawn": 0.20297096751763616, "Olivia de Havilland": 0.17498191523281187, "Linda Hunt": 0.19896226405796863, "Shirley Jones": 0.19163727702607988, "Hugh Griffith": 0.153529937522108, "Sam Mendes": 0.19447560678719392, "James Coburn": 0.21502573975030664, "Michael Douglas": 0.21288130525020715, "Robert Zemeckis": 0.2071031571966017, "Joan Crawford": 0.17749937986049774, "Art Carney": 0.16710386132229968, "George C. Scott": 0.20033352779166277, "Lionel Barrymore": 0.15031516073166887, "Martin Scorsese": 0.22345000294744594, "Robin Williams": 0.21627314423462216, "Heath Ledger": 0.21012631511375374, "Forest Whitaker": 0.2204372156753049, "Jane Wyman": 0.16728053764046386, "Jeff Bridges": 0.2188939619254309, "Claudette Colbert": 0.17236699038832745, "Eva Marie Saint": 0.20227470507459708, "Chris Cooper": 0.21520935772137686, "Elisabeth Shue": 0.21051376142077313, "Samuel L. Jackson": 0.22453384403075263, "John Travolta": 0.21669341795474636, "Billy Bob Thornton": 0.21301528045310833, "Montgomery Clift": 0.15130041392243063, "Eileen Brennan": 0.19622845229084973, "Isabelle Adjani": 0.20234786348377937, "Mikhail Baryshnikov": 0.18686250077187946, "Theodore Bikel": 0.18018401694813704, "Bessie Love": 0.1623489235245551, "Michael Clarke Duncan": 0.20722863719592147, "Richard Harris": 0.2149672525219597, "Hope Lange": 0.18443590749229505, "Kristin Scott Thomas": 0.2212304085117945, "Mickey Rourke": 0.21513456520289256, "Rosie Perez": 0.20988332875357735, "Joel Coen": 0.22017427901085304, "River Phoenix": 0.20150510949048164, "Albert Brooks": 0.2000811711208302, "Lily Tomlin": 0.20394733712006205, "Sarah Miles": 0.19576974580546833, "Ian McKellen": 0.21561151059084074, "Harrison Ford": 0.21759412662205266, "Vera Farmiga": 0.213492383373206, "James Caan": 0.22040498561256613, "Mark Rydell": 0.19774861829296445, "Jake Gyllenhaal": 0.20639871486554257, "Anna Kendrick": 0.18457244645254806, "Cathy Moriarty": 0.2091692848750566, "Mako": 0.21149470137441775, "Mariel Hemingway": 0.2113362921555141, "Amy Adams": 0.20055934066168346, "Adriana Barraza": 0.1963614626961965, "Lorraine Bracco": 0.21301137858431485, "Stephen Frears": 0.21024869819022501, "Danny Aiello": 0.21596530967368333, "Nick Nolte": 0.22025917291593658, "Armin Mueller-Stahl": 0.21601918193766725, "Chazz Palminteri": 0.21761215900327635, "Giancarlo Giannini": 0.217519411351122, "Julie Harris": 0.20313329951739512, "Stephen Rea": 0.22024665812248195, "Richard Brooks": 0.19956881914804395, "Will Smith": 0.21092258531844768, "Tom Wilkinson": 0.21542578075669896, "Ed Harris": 0.21866141345838272, "Jim Sheridan": 0.199185238148699, "Barbara Barrie": 0.18221906822634049, "Josh Brolin": 0.2155649767593594, "Frank Perry": 0.17219835221582266, "Mike Leigh": 0.196673156217655, "Oprah Winfrey": 0.19634275461294295, "Don Cheadle": 0.21306378703954135, "Alexander Payne": 0.208928505591995, "James Whitmore": 0.1895912845631583, "David Strathairn": 0.22047363504913253, "Howard Hawks": 0.1574695915865944, "Michael Mann": 0.20370007131454237, "Jason Reitman": 0.19015573875894382, "Eddie Albert": 0.17574863248553593, "Jan Troell": 0.19445400468382712, "Julian Schnabel": 0.20505755865924322, "Seymour Cassel": 0.22206688340311043, "Richard Widmark": 0.19214186002852074, "Joan Cusack": 0.2101501835493361, "William Dieterle": 0.14805933151585324, "Jack Clayton": 0.1694284050509477, "Diahann Carroll": 0.19852773527127904, "Mike Figgis": 0.21054534164300848, "Janet Leigh": 0.19213687133929097, "Pete Postlethwaite": 0.2161364756562618, "Lena Olin": 0.21428226228364358, "Ridley Scott": 0.22164785676895915, "Casey Affleck": 0.2055258453955876, "Peter Cattaneo": 0.19268079931156337, "Richard Burton": 0.17108744997594152, "Shirley Knight": 0.2033527711477383, "Joan Allen": 0.21224631833731977, "Kevin McCarthy": 0.19718553556549195, "Eddie Murphy": 0.2103774762751849, "Carrie Snodgress": 0.19372491351984028, "Claude Rains": 0.1731457105303805, "Bette Midler": 0.20253489653712517, "Rachel Roberts": 0.18115621050971975, "Michael Anderson": 0.19537482232947417, "Edward Dmytryk": 0.19131434750536574, "Liam Neeson": 0.21448467262870122, "Hal Ashby": 0.16314397244031983, "Nina Foch": 0.18905629310816047, "Lina Wertm\u00fcller": 0.18556330334653148, "Jeannie Berlin": 0.18015590344664573, "Graham Greene": 0.2163961787647836, "Ken Russell": 0.20412019204898993, "Gena Rowlands": 0.21522671246581826, "Emily Watson": 0.21392579953077992, "James Dean": 0.18913514078073276, "James Ivory": 0.21560694196355487, "Robert Forster": 0.2186446749414543, "Burgess Meredith": 0.1870997958950968, "Otto Preminger": 0.1758995900828647, "Jim Carrey": 0.20894727555925685, "Park Bench": 0.1664811868213344, "Susan Smythe": 0.15834641368805066, "Rub\u00e9n Rodr\u00edguez": 3.2801523448533494e-05, "Jeremy Brown": 0.1465811176863883, "Todd Savell": 4.555767145629652e-06, "Susanne Sutchy": 0.1737199240881142, "Zhaohui Min": 0.12710050260594632, "Rajiv Babbar": 0.15184823211623105, "Kang Se-Jeong": 0.1474419930243671, "Ay\u015fe Selen": 2.2778835728148263e-05,