{"Joan Fontaine": 1.0, "Francis Ford Coppola": 0.06489931913660728, "Kevin Spacey": 0.04376877654615145, "Whoopi Goldberg": 0.026814268142681428, "Alec Guinness": 0.23157894736842105, "Bob Fosse": 1.0, "Victor Fleming": 1.0, "Ang Lee": 0.08205128205128205, "Javier Bardem": 0.0835881753312946, "Jonathan Demme": 0.10086872586872588, "Peter Ustinov": 0.06448087431693988, "Woody Allen": 0.04255082149818992, "Jeremy Irons": 0.04420364637082903, "Mike Nichols": 0.07885763000852515, "Goldie Hawn": 0.09853249475890985, "Kim Basinger": 0.05840071877807727, "Anna Paquin": 0.07567567567567568, "Jack Palance": 0.07213114754098361, "Vivien Leigh": 0.3939393939393939, "Chris Cooper": 0.043394911118856745, "Helen Mirren": 0.04458204334365325, "Anne Bancroft": 0.07482124616956078, "Louise Fletcher": 0.03888081395348837, "Dustin Hoffman": 0.056291390728476824, "Reese Witherspoon": 0.05249343832020997, "Halle Berry": 0.04799588900308325, "Faye Dunaway": 0.03317972350230415, "Richard Dreyfuss": 0.03915776717412709, "Gloria Grahame": 1.0, "Robert Zemeckis": 0.10476190476190476, "Daniel Day-Lewis": 0.11649659863945579, "Anne Baxter": 1.0, "Meryl Streep": 0.04513426014092554, "Judi Dench": 0.06121768140116764, "William Friedkin": 0.0712962962962963, "Charles Laughton": 1.0, "Joan Crawford": 0.3, "Vincente Minnelli": 1.0, "Cliff Robertson": 0.06455399061032864, "Timothy Hutton": 0.041139505655634685, "John Ford": 0.3484848484848485, "James Cameron": 0.06494960806270997, "Helen Hunt": 0.0602020202020202, "Cher": 0.09497882637628555, "Brenda Fricker": 0.053548966756513924, "Grace Kelly": 0.21052631578947367, "Dianne Wiest": 0.08, "Fred Zinnemann": 0, "Elia Kazan": 0.32967032967032966, "Heath Ledger": 0.07588075880758807, "Maximilian Schell": 0.053387691710347504, "Al Pacino": 0.06741045214327657, "Maggie Smith": 0.06450071667462971, "Charlton Heston": 0.049048152295632697, "Christoph Waltz": 0.070902394106814, "Mercedes Ruehl": 0.05877742946708464, "John G. Avildsen": 0.17786561264822134, "Karl Malden": 0.27941176470588236, "F. Murray Abraham": 0.033234811165845646, "Robert Wise": 0.31868131868131866, "Christopher Walken": 0.03888741252546727, "Humphrey Bogart": 0.20261437908496732, "Robert Redford": 0.060306824193263976, "Katharine Hepburn": 0.16666666666666666, "Shirley MacLaine": 0.04904484487196857, "Sean Connery": 0.05809068520932928, "Jennifer Connelly": 0.0585434667607124, "Patricia Neal": 0.5238095238095238, "Maureen Stapleton": 0.18333333333333332, "Lee Grant": 0.054336468129571575, "Pen\u00e9lope Cruz": 0.04954062331111511, "Nicolas Cage": 0.04271881526485666, "Jon Voight": 0.045198977729098214, "Joel Grey": 0.07364114552893045, "James Stewart": 0.17666666666666667, "Rita Moreno": 0.09250693802035152, "Jessica Lange": 0.07241689128481581, "Gwyneth Paltrow": 0.0538134901192226, "Jack Lemmon": 0.05431140892258861, "Jessica Tandy": 0.1625615763546798, "Sandra Bullock": 0.043547488257304354, "Ben Kingsley": 0.032285679344502875, "Martin Balsam": 0.21052631578947367, "Robin Williams": 0.039744175422567384, "Hugh Griffith": 1.0, "Rod Steiger": 0.03991051454138703, "Yul Brynner": 0.2857142857142857, "Barry Levinson": 0.09545317675398976, "James L. Brooks": 0.20652173913043478, "Adrien Brody": 0.035925612848689774, "Barbra Streisand": 0.10202020202020202, "George Chakiris": 1.0, "Olivia de Havilland": 0.7142857142857143, "Jodie Foster": 0.06082229018008835, "Kathy Bates": 0.03609253065774805, "James Coburn": 0.03562453806356245, "Mary Steenburgen": 0.04885255589480941, "Norma Shearer": 1.0, "Jos\u00e9 Ferrer": 0.45454545454545453, "Mira Sorvino": 0.04090694378837978, "Michael Mann": 0.13737373737373737, "Candice Bergen": 0.09292929292929293, "Brenda Vaccaro": 0.11666666666666667, "Laurence Fishburne": 0.039392301687383655, "Gloria Stuart": 0.45454545454545453, "Sally Kirkland": 0.027386648439280018, "Nancy Kelly": 1.0, "Ann Blyth": 1.0, "Robert Stack": 0.1455026455026455, "Emily Watson": 0.06559363101419176, "Jeannie Berlin": 1.0, "Robert Vaughn": 0.04549781077479535, "Fernando Meirelles": 0.1411764705882353, "Janet Suzman": 0.45454545454545453, "Rosemary Harris": 0.14439946018893388, "Richard Farnsworth": 0.4444444444444444, "Carrie Snodgress": 0.1064102564102564, "Fred Astaire": 1.0, "Ned Beatty": 0.036459278070016324, "David Strathairn": 0.03085688915199053, "Leonardo DiCaprio": 0.06721715196291468, "Christopher Plummer": 0.028497914311332893, "Pauline Collins": 0.10101010101010101, "Sigourney Weaver": 0.03970125786163522, "Paul Greengrass": 0.1173054587688734, "Montgomery Clift": 1.0, "Michelle Pfeiffer": 0.0606963826039832, "Theodore Bikel": 0.19480519480519481, "James Caan": 0.0417723302338687, "Tom Wilkinson": 0.04444165463561609, "Lynn Redgrave": 0.05512308015989901, "Elisabeth Shue": 0.07200229489386116, "Sarah Miles": 0.18181818181818182, "Ethan Hawke": 0.05324334458192726, "Richard Rush": 1.0, "Rosie Perez": 0.06885964912280702, "Margaret Avery": 0.15763546798029557, "Felicity Huffman": 0.10431372549019607, "Robert Stevenson": 1.0, "Beah Richards": 0.4444444444444444, "Ken Russell": 0.05721168322794339, "Burt Reynolds": 0.02871353125160232, "Diane Lane": 0.044890019452341764, "Frank Morgan": 1.0, "Barbara Hershey": 0.03897775326346755, "Sally Kellerman": 0.08181818181818182, "John Boorman": 0.23535353535353534, "Marcello Mastroianni": 0.06446886446886448, "Hiroshi Teshigahara": 1.0, "Josh Brolin": 0.05137844611528822, "Stanley Tucci": 0.043081761006289306, "Peter Cattaneo": 0.15172413793103448, "Cary Grant": 0.14962121212121213, "Edward Dmytryk": 0.19458128078817735, "Jack Clayton": 1.0, "Jennifer Tilly": 0.03603038101814073, "Tony Gilroy": 1.0, "Kristin Scott Thomas": 0.0437012987012987, "Judd Hirsch": 0.09830866807610994, "Taraji P. Henson": 0.08240794856808883, "Sam Waterston": 0.0669710806697108, "Diane Ladd": 0.04478346456692913, "Terry Moore": 0.1774891774891775, "Danny Aiello": 0.03886371558034158, "Anthony Quayle": 1.0, "Marlene Dietrich": 0.1774891774891775, "John Cassavetes": 0.31666666666666665, "Ralph Bellamy": 1.0, "Angela Bassett": 0.04731896075179657, "Colin Firth": 0.04204956836535784, "Charles Boyer": 1.0, "Joan Blondell": 0.4888888888888889, "Dean Stockwell": 0.037781662781662784, "Gary Sinise": 0.06740104555638536, "Robert Downey Jr.": 0.04587064676616916, "William Hickey": 0.12100840336134454, "Tom Hulce": 0.10204081632653061, "Carey Mulligan": 0.12307692307692308, "Bennett Miller": 1.0, "Teri Garr": 0.04684684684684685, "Jean Simmons": 0.18478260869565216, "John Malkovich": 0.04023862908392056, "James Garner": 0.04798080767692923, "Pete Postlethwaite": 0.0410958904109589, "Marianne Jean-Baptiste": 0.10365853658536585, "Barbara Barrie": 0.21052631578947367, "Juliette Lewis": 0.04652100298314924, "Robert Mulligan": 0.4444444444444444, "Liam Neeson": 0.04301817345295606, "Jude Law": 0.06623931623931624, "Martha Scott": 1.0, "Sam Shepard": 0.05536136041568257, "Tom Courtenay": 0.09154437456324249, "Diana Ross": 0.14245014245014245, "Alfred Hitchcock": 0.11734693877551021, "Julianne Moore": 0.0504780727525239, "Tom Conti": 0.07213114754098361, "Edward Norton": 0.0820534399326741, "Jason Miller": 0.23976608187134502, "Susan Tyrrell": 0.13333333333333333, "Paula Rego": 0.4642857142857143, "Enzo Andronico": 1.0, "Abigail Cruttenden": 1.0, "Katy Davis": 1.0, "Charles Henry Wyson": 1.0, "Vera Jordanova": 0.4444444444444444, "Jayabrato Chatterjee": 1.0, "Valeria Uribe": 1.0, "Firudin Mehdiyev": 0.4888888888888889, "Thales Bahia": 1.0, "Davin Palmer": 1.0, "Michael Rothmann": 1.0, "Desmond Aldridge": 1.0, "Klaus-Peter Ple\u00dfow": 1.0, "Heinrich Rudolf Humm": 1.0, "Kim Gillingham": 0.4642857142857143, "Dana Sedl\u00e1kov\u00e1": 1.0, "Park Hong Jin": 1.0, "Minoru Kou": 0.5, "Nicola Marsh": 1.0, "Catherine Kellner": 0.12439024390243902, "Suma Jayaram": 0.6222222222222222, "Ken Loach": 0.13635795525559305, "Sean Faughnan": 1.0, "Keith Duffy": 0.45454545454545453, "Koren Nakash": 0, "L.A. Marzulli": 1.0, "Jean-Baptiste Mondino": 0.37727910238429174,